Date,SOLLTEMPERATUR HK 1,SOLLTEMPERATUR HK 2,ISTTEMPERATUR,SOLLTEMPERATUR,BIVALENZTEMPERATUR HZG,BIVALENZTEMPERATUR WW,VERFLÜSSIGERTEMP.,DRUCK HEIZKREIS,VOLUMENSTROM,LEISTUNG WP,LSTG PU PUMPE,AUSSENTEMPERATUR,ISTTEMPERATUR HK 1,SOLLTEMPERATUR HK 1,ISTTEMPERATUR HK 2,SOLLTEMPERATUR HK 2,VORLAUFISTTEMPERATUR WP,VORLAUFISTTEMPERATUR NHZ,RÜCKLAUFISTTEMPERATUR,FESTWERTSOLLTEMPERATUR,PUFFERSOLLTEMPERATUR,PUFFERISTTEMPERATUR,RESTSTILLSTANDZEIT,VD HEIZEN,VD WARMWASSER,NHZ 1,NHZ 2,VD HEIZEN TAG,VD HEIZEN SUMME,VD WARMWASSER TAG,VD WARMWASSER SUMME,NHZ HEIZEN SUMME,MIN,MIDDLE,MAX,HEIZEN,WARMWASSER
2017 09 08 20:57:54,22.0,22.0,45.7,50.0,-12.0,-12.0,17.1,2.37,0.0,0,0,12.5,26.6,22.0,26.6,22.0,34.0,33.2,31.0,30.0,30.0,26.6,0,2164,273,0,0,22.020,14.416,7.707,2.654,0.001,16.1,18.6,23.4,0,0
2017 09 08 21:05:29,22.0,22.0,45.7,50.0,-12.0,-12.0,16.6,2.37,0.0,0,0,12.4,25.9,22.0,26.6,22.0,33.9,33.0,30.8,30.0,30.0,25.9,0,2164,273,0,0,22.020,14.416,7.707,2.654,0.001,16.1,18.6,23.4,0,0
2017 09 08 21:05:32,22.0,22.0,45.7,50.0,-12.0,-12.0,16.6,2.37,0.0,0,0,12.4,25.9,22.0,26.6,22.0,33.9,33.0,30.8,30.0,30.0,25.9,0,2164,273,0,0,22.020,14.416,7.707,2.654,0.001,16.1,18.6,23.4,0,0
2017 09 08 21:05:34,22.0,22.0,45.7,50.0,-12.0,-12.0,16.6,2.37,0.0,0,0,12.4,25.9,22.0,26.6,22.0,33.9,33.0,30.8,30.0,30.0,25.9,0,2164,273,0,0,22.020,14.416,7.707,2.654,0.001,16.1,18.6,23.4,0,0
2017 09 08 21:15:29,22.0,22.0,45.6,50.0,-12.0,-12.0,16.5,2.37,0.0,0,0,12.2,25.5,22.0,26.5,22.0,33.6,32.7,30.5,30.0,30.0,25.5,0,2164,273,0,0,22.020,14.416,7.707,2.654,0.001,16.1,18.6,23.4,0,0
2017 09 08 21:15:33,22.0,22.0,45.6,50.0,-12.0,-12.0,16.5,2.37,0.0,0,0,12.2,25.5,22.0,26.5,22.0,33.6,32.7,30.5,30.0,30.0,25.5,0,2164,273,0,0,22.020,14.416,7.707,2.654,0.001,16.1,18.6,23.4,0,0
2017 09 08 21:15:34,22.0,22.0,45.6,50.0,-12.0,-12.0,16.5,2.37,0.0,0,0,12.2,25.5,22.0,26.5,22.0,33.6,32.7,30.5,30.0,30.0,25.5,0,2164,273,0,0,22.020,14.416,7.707,2.654,0.001,16.1,18.6,23.4,0,0
2017 09 08 21:25:29,22.0,22.0,45.6,50.0,-12.0,-12.0,30.9,2.45,32.9,20,80,12.0,30.0,22.0,27.6,22.0,34.7,34.4,31.3,30.0,30.0,30.0,0,2164,273,0,0,22.020,14.416,7.707,2.654,0.001,16.1,18.6,23.4,0,0
2017 09 08 21:25:32,22.0,22.0,45.6,50.0,-12.0,-12.0,30.9,2.45,32.9,20,80,12.0,30.0,22.0,27.6,22.0,34.7,34.4,31.3,30.0,30.0,30.0,0,2164,273,0,0,22.020,14.416,7.707,2.654,0.001,16.1,18.6,23.4,0,0
2017 09 08 21:25:34,22.0,22.0,45.6,50.0,-12.0,-12.0,30.9,2.45,32.9,20,80,12.0,30.0,22.0,27.6,22.0,34.7,34.4,31.3,30.0,30.0,30.0,0,2164,273,0,0,22.020,14.416,7.707,2.654,0.001,16.1,18.6,23.4,0,0
2017 09 08 21:35:28,22.0,22.0,45.6,50.0,-12.0,-12.0,33.8,2.45,32.4,20,80,11.9,33.2,22.0,27.7,22.0,37.6,37.3,34.3,30.0,30.0,33.2,0,2164,273,0,0,22.020,14.416,7.707,2.654,0.001,16.1,18.6,23.4,0,0
2017 09 08 21:35:33,22.0,22.0,45.6,50.0,-12.0,-12.0,33.8,2.45,32.4,20,80,11.9,33.2,22.0,27.7,22.0,37.6,37.3,34.3,30.0,30.0,33.2,0,2164,273,0,0,22.020,14.416,7.707,2.654,0.001,16.1,18.6,23.4,0,0
2017 09 08 21:35:33,22.0,22.0,45.6,50.0,-12.0,-12.0,33.8,2.45,32.4,20,80,11.9,33.2,22.0,27.7,22.0,37.6,37.3,34.3,30.0,30.0,33.2,0,2164,273,0,0,22.020,14.416,7.707,2.654,0.001,16.1,18.6,23.4,0,0
2017 09 08 21:45:29,22.0,22.0,45.6,50.0,-12.0,-12.0,31.3,2.39,0.0,0,0,11.7,34.3,22.0,27.6,22.0,35.0,35.1,33.2,30.0,30.0,34.3,342,2164,273,0,0,22.020,14.416,7.707,2.654,0.001,16.1,18.6,23.4,0,0
2017 09 08 21:45:33,22.0,22.0,45.6,50.0,-12.0,-12.0,31.3,2.39,0.0,0,0,11.7,34.3,22.0,27.6,22.0,35.0,35.1,33.2,30.0,30.0,34.3,342,2164,273,0,0,22.020,14.416,7.707,2.654,0.001,16.1,18.6,23.4,0,0
2017 09 08 21:45:34,22.0,22.0,45.6,50.0,-12.0,-12.0,31.3,2.39,0.0,0,0,11.7,34.3,22.0,27.6,22.0,35.0,35.1,33.2,30.0,30.0,34.3,342,2164,273,0,0,22.020,14.416,7.707,2.654,0.001,16.1,18.6,23.4,0,0
2017 09 08 21:55:29,22.0,22.0,45.6,50.0,-12.0,-12.0,25.2,2.39,0.0,0,0,11.5,33.8,22.0,27.6,22.0,34.8,34.6,32.8,30.0,30.0,33.8,0,2164,273,0,0,22.020,14.416,7.707,2.654,0.001,16.1,18.6,23.4,0,0
2017 09 08 21:55:33,22.0,22.0,45.6,50.0,-12.0,-12.0,25.2,2.39,0.0,0,0,11.5,33.8,22.0,27.6,22.0,34.8,34.6,32.8,30.0,30.0,33.8,0,2164,273,0,0,22.020,14.416,7.707,2.654,0.001,16.1,18.6,23.4,0,0
2017 09 08 21:55:34,22.0,22.0,45.6,50.0,-12.0,-12.0,25.2,2.39,0.0,0,0,11.5,33.8,22.0,27.6,22.0,34.8,34.6,32.8,30.0,30.0,33.8,0,2164,273,0,0,22.020,14.416,7.707,2.654,0.001,16.1,18.6,23.4,0,0
2017 09 08 22:05:28,22.0,22.0,45.6,50.0,-12.0,-12.0,19.9,2.37,0.0,0,0,11.6,32.4,22.0,27.7,22.0,34.6,34.0,32.4,30.0,30.0,32.4,0,2165,273,0,0,0.651,14.440,0.707,2.661,0.001,11.7,15.9,20.6,2,0
2017 09 08 22:05:32,22.0,22.0,45.6,50.0,-12.0,-12.0,19.9,2.37,0.0,0,0,11.6,32.4,22.0,27.7,22.0,34.6,34.0,32.4,30.0,30.0,32.4,0,2165,273,0,0,0.651,14.440,0.707,2.661,0.001,11.7,15.9,20.6,2,0
2017 09 08 22:05:34,22.0,22.0,45.6,50.0,-12.0,-12.0,19.9,2.37,0.0,0,0,11.6,32.4,22.0,27.7,22.0,34.6,34.0,32.4,30.0,30.0,32.4,0,2165,273,0,0,0.651,14.440,0.707,2.661,0.001,11.7,15.9,20.6,2,0
2017 09 08 22:15:29,22.0,22.0,45.7,50.0,-12.0,-12.0,16.5,2.37,0.0,0,0,11.4,29.1,22.0,27.7,22.0,34.3,33.6,32.0,30.0,30.0,29.1,0,2165,273,0,0,0.651,14.440,0.707,2.661,0.001,11.7,15.9,20.6,2,0
2017 09 08 22:15:34,22.0,22.0,45.6,50.0,-12.0,-12.0,16.5,2.37,0.0,0,0,11.4,29.1,22.0,27.6,22.0,34.3,33.6,31.9,30.0,30.0,29.1,0,2165,273,0,0,0.651,14.440,0.707,2.661,0.001,11.7,15.9,20.6,2,0
2017 09 08 22:15:34,22.0,22.0,45.6,50.0,-12.0,-12.0,16.5,2.37,0.0,0,0,11.4,29.1,22.0,27.6,22.0,34.3,33.6,31.9,30.0,30.0,29.1,0,2165,273,0,0,0.651,14.440,0.707,2.661,0.001,11.7,15.9,20.6,2,0
2017 09 08 22:25:29,22.0,22.0,45.6,50.0,-12.0,-12.0,16.3,2.37,0.0,0,0,11.4,27.0,22.0,27.6,22.0,34.0,33.2,31.5,30.0,30.0,27.0,0,2165,273,0,0,0.651,14.440,0.707,2.661,0.001,11.7,15.9,20.6,2,0
2017 09 08 22:25:32,22.0,22.0,45.6,50.0,-12.0,-12.0,16.3,2.37,0.0,0,0,11.4,27.0,22.0,27.6,22.0,34.0,33.2,31.5,30.0,30.0,27.0,0,2165,273,0,0,0.651,14.440,0.707,2.661,0.001,11.7,15.9,20.6,2,0
2017 09 08 22:25:34,22.0,22.0,45.6,50.0,-12.0,-12.0,16.3,2.37,0.0,0,0,11.4,27.0,22.0,27.6,22.0,34.0,33.2,31.5,30.0,30.0,27.0,0,2165,273,0,0,0.651,14.440,0.707,2.661,0.001,11.7,15.9,20.6,2,0
2017 09 08 22:30:19,22.0,22.0,45.6,50.0,-12.0,-12.0,16.6,2.37,0.0,0,0,11.4,26.5,22.0,27.6,22.0,33.9,33.0,31.3,30.0,30.0,26.5,0,2165,273,0,0,0.651,14.440,0.707,2.661,0.001,11.7,15.9,20.6,2,0
2017 09 08 22:45:29,22.0,22.0,45.6,50.0,-12.0,-12.0,16.7,2.37,0.0,0,0,11.1,25.9,22.0,27.2,22.0,33.5,32.5,30.9,30.0,30.0,25.9,0,2165,273,0,0,0.651,14.440,0.707,2.661,0.001,11.7,15.9,20.6,2,0
2017 09 08 22:45:33,22.0,22.0,45.6,50.0,-12.0,-12.0,16.7,2.37,0.0,0,0,11.1,25.9,22.0,27.2,22.0,33.5,32.5,30.9,30.0,30.0,25.9,0,2165,273,0,0,0.651,14.440,0.707,2.661,0.001,11.7,15.9,20.6,2,0
2017 09 08 22:45:34,22.0,22.0,45.6,50.0,-12.0,-12.0,16.7,2.37,0.0,0,0,11.1,25.9,22.0,27.2,22.0,33.5,32.5,30.9,30.0,30.0,25.9,0,2165,273,0,0,0.651,14.440,0.707,2.661,0.001,11.7,15.9,20.6,2,0
2017 09 08 22:55:29,22.0,22.0,45.6,50.0,-12.0,-12.0,30.5,2.45,32.4,20,80,11.1,29.3,22.0,27.6,22.0,34.3,33.9,30.9,30.0,30.0,29.2,0,2165,273,0,0,0.651,14.440,0.707,2.661,0.001,11.7,15.9,20.6,2,0
2017 09 08 22:55:34,22.0,22.0,45.6,50.0,-12.0,-12.0,30.5,2.45,32.4,20,80,11.1,29.3,22.0,27.6,22.0,34.3,33.9,30.9,30.0,30.0,29.2,0,2165,273,0,0,0.651,14.440,0.707,2.661,0.001,11.7,15.9,20.6,2,0
2017 09 08 22:55:34,22.0,22.0,45.6,50.0,-12.0,-12.0,30.5,2.45,32.4,20,80,11.1,29.3,22.0,27.6,22.0,34.3,33.9,30.9,30.0,30.0,29.2,0,2165,273,0,0,0.651,14.440,0.707,2.661,0.001,11.7,15.9,20.6,2,0
2017 09 08 23:05:29,22.0,22.0,45.6,50.0,-12.0,-12.0,33.3,2.45,32.9,20,80,11.1,32.7,22.0,28.2,22.0,37.1,36.6,33.5,30.0,30.0,32.7,0,2165,273,0,0,2.496,14.440,0.707,2.661,0.001,11.7,15.9,20.6,2,0
2017 09 08 23:05:32,22.0,22.0,45.6,50.0,-12.0,-12.0,33.3,2.45,33.4,20,80,11.1,32.7,22.0,28.2,22.0,37.1,36.8,33.5,30.0,30.0,32.7,0,2165,273,0,0,2.496,14.440,0.707,2.661,0.001,11.7,15.9,20.6,2,0
2017 09 08 23:05:34,22.0,22.0,45.6,50.0,-12.0,-12.0,33.3,2.45,33.4,20,80,11.1,32.7,22.0,28.2,22.0,37.1,36.8,33.5,30.0,30.0,32.7,0,2165,273,0,0,2.496,14.440,0.707,2.661,0.001,11.7,15.9,20.6,2,0
2017 09 08 23:15:29,22.0,22.0,45.6,50.0,-12.0,-12.0,33.1,2.39,0.0,0,0,10.9,34.3,22.0,28.1,22.0,35.3,35.4,33.6,30.0,30.0,34.3,467,2165,273,0,0,2.496,14.440,0.707,2.661,0.001,11.7,15.9,20.6,2,0
2017 09 08 23:15:33,22.0,22.0,45.6,50.0,-12.0,-12.0,33.1,2.39,0.0,0,0,10.9,34.3,22.0,28.1,22.0,35.3,35.4,33.6,30.0,30.0,34.3,467,2165,273,0,0,2.496,14.440,0.707,2.661,0.001,11.7,15.9,20.6,2,0
2017 09 08 23:15:34,22.0,22.0,45.6,50.0,-12.0,-12.0,33.1,2.39,0.0,0,0,10.9,34.3,22.0,28.1,22.0,35.3,35.4,33.6,30.0,30.0,34.3,467,2165,273,0,0,2.496,14.440,0.707,2.661,0.001,11.7,15.9,20.6,2,0
2017 09 08 23:25:29,22.0,22.0,45.6,50.0,-12.0,-12.0,27.8,2.39,0.0,0,0,10.9,34.3,22.0,28.1,22.0,35.0,34.8,33.1,30.0,30.0,34.3,0,2165,273,0,0,2.496,14.440,0.707,2.661,0.001,11.7,15.9,20.6,2,0
2017 09 08 23:25:32,22.0,22.0,45.6,50.0,-12.0,-12.0,27.8,2.39,0.0,0,0,10.9,34.3,22.0,28.1,22.0,35.0,34.8,33.1,30.0,30.0,34.3,0,2165,273,0,0,2.496,14.440,0.707,2.661,0.001,11.7,15.9,20.6,2,0
2017 09 08 23:25:34,22.0,22.0,45.6,50.0,-12.0,-12.0,27.8,2.39,0.0,0,0,10.9,34.3,22.0,28.1,22.0,35.0,34.8,33.1,30.0,30.0,34.3,0,2165,273,0,0,2.496,14.440,0.707,2.661,0.001,11.7,15.9,20.6,2,0
2017 09 08 23:35:29,22.0,22.0,45.6,50.0,-12.0,-12.0,21.1,2.37,0.0,0,0,10.7,32.7,22.0,28.1,22.0,34.8,34.3,32.7,30.0,30.0,32.7,0,2165,273,0,0,2.496,14.440,0.707,2.661,0.001,11.7,15.9,20.6,2,0
2017 09 08 23:35:34,22.0,22.0,45.6,50.0,-12.0,-12.0,21.1,2.37,0.0,0,0,10.7,32.7,22.0,28.1,22.0,34.8,34.3,32.7,30.0,30.0,32.7,0,2165,273,0,0,2.496,14.440,0.707,2.661,0.001,11.7,15.9,20.6,2,0
2017 09 08 23:35:34,22.0,22.0,45.6,50.0,-12.0,-12.0,21.1,2.37,0.0,0,0,10.7,32.7,22.0,28.1,22.0,34.8,34.3,32.7,30.0,30.0,32.7,0,2165,273,0,0,2.496,14.440,0.707,2.661,0.001,11.7,15.9,20.6,2,0
2017 09 08 23:45:29,22.0,22.0,45.7,50.0,-12.0,-12.0,16.6,2.37,0.0,0,0,10.7,28.7,22.0,28.1,22.0,34.5,33.8,32.2,30.0,30.0,28.7,0,2165,273,0,0,2.496,14.440,0.707,2.661,0.001,11.7,15.9,20.6,2,0
2017 09 08 23:45:33,22.0,22.0,45.7,50.0,-12.0,-12.0,16.6,2.37,0.0,0,0,10.7,28.7,22.0,28.1,22.0,34.5,33.8,32.2,30.0,30.0,28.7,0,2165,273,0,0,2.496,14.440,0.707,2.661,0.001,11.7,15.9,20.6,2,0
2017 09 08 23:45:34,22.0,22.0,45.7,50.0,-12.0,-12.0,16.6,2.37,0.0,0,0,10.7,28.7,22.0,28.1,22.0,34.5,33.8,32.2,30.0,30.0,28.7,0,2165,273,0,0,2.496,14.440,0.707,2.661,0.001,11.7,15.9,20.6,2,0
2017 09 08 23:55:29,22.0,22.0,45.6,50.0,-12.0,-12.0,16.2,2.37,0.0,0,0,10.6,27.0,22.0,28.1,22.0,34.3,33.4,31.9,30.0,30.0,27.0,0,2165,273,0,0,2.496,14.440,0.707,2.661,0.001,11.7,15.9,20.6,2,0
2017 09 08 23:55:32,22.0,22.0,45.6,50.0,-12.0,-12.0,16.2,2.37,0.0,0,0,10.6,27.0,22.0,28.1,22.0,34.3,33.4,31.9,30.0,30.0,27.0,0,2165,273,0,0,2.496,14.440,0.707,2.661,0.001,11.7,15.9,20.6,2,0
2017 09 08 23:55:34,22.0,22.0,45.6,50.0,-12.0,-12.0,16.2,2.37,0.0,0,0,10.6,27.0,22.0,28.1,22.0,34.3,33.4,31.9,30.0,30.0,27.0,0,2165,273,0,0,2.496,14.440,0.707,2.661,0.001,11.7,15.9,20.6,2,0
2017 09 09 00:05:29,22.0,22.0,45.6,50.0,-12.0,-12.0,16.8,2.37,0.0,0,0,10.7,26.4,22.0,28.1,22.0,33.9,33.0,31.4,30.0,30.0,26.4,0,2165,273,0,0,3.468,14.440,0.707,2.661,0.001,11.7,15.9,20.6,2,0
2017 09 09 00:05:32,22.0,22.0,45.6,50.0,-12.0,-12.0,16.8,2.37,0.0,0,0,10.7,26.4,22.0,28.1,22.0,33.9,33.0,31.4,30.0,30.0,26.4,0,2165,273,0,0,3.468,14.440,0.707,2.661,0.001,11.7,15.9,20.6,2,0
2017 09 09 00:05:34,22.0,22.0,45.6,50.0,-12.0,-12.0,16.8,2.37,0.0,0,0,10.6,26.4,22.0,28.1,22.0,33.9,33.0,31.4,30.0,30.0,26.4,0,2165,273,0,0,3.468,14.440,0.707,2.661,0.001,11.7,15.9,20.6,2,0
2017 09 09 00:15:27,22.0,22.0,45.7,50.0,-12.0,-12.0,18.1,2.37,0.0,0,0,10.6,25.9,22.0,27.7,22.0,33.6,32.7,31.2,30.0,30.0,25.9,0,2165,273,0,0,3.468,14.440,0.707,2.661,0.001,11.7,15.9,20.6,2,0
2017 09 09 00:15:31,22.0,22.0,45.7,50.0,-12.0,-12.0,18.1,2.37,0.0,0,0,10.6,25.9,22.0,27.7,22.0,33.6,32.7,31.2,30.0,30.0,25.9,0,2165,273,0,0,3.468,14.440,0.707,2.661,0.001,11.7,15.9,20.6,2,0
2017 09 09 00:25:29,22.0,22.0,45.6,50.0,-12.0,-12.0,30.5,2.45,33.4,20,80,10.4,29.4,22.0,28.7,22.0,34.2,33.9,30.8,30.0,30.0,29.4,0,2165,273,0,0,3.468,14.440,0.707,2.661,0.001,11.7,15.9,20.6,2,0
2017 09 09 00:25:32,22.0,22.0,45.6,50.0,-12.0,-12.0,30.5,2.45,33.4,20,80,10.4,29.4,22.0,28.7,22.0,34.2,33.9,30.8,30.0,30.0,29.4,0,2165,273,0,0,3.468,14.440,0.707,2.661,0.001,11.7,15.9,20.6,2,0
2017 09 09 00:25:34,22.0,22.0,45.6,50.0,-12.0,-12.0,30.5,2.45,33.4,20,80,10.4,29.4,22.0,28.7,22.0,34.2,33.9,30.8,30.0,30.0,29.4,0,2165,273,0,0,3.468,14.440,0.707,2.661,0.001,11.7,15.9,20.6,2,0
2017 09 09 00:35:29,22.0,22.0,45.6,50.0,-12.0,-12.0,33.2,2.45,32.4,20,80,10.3,32.6,22.0,28.7,22.0,36.9,36.6,33.5,30.0,30.0,32.6,0,2165,273,0,0,3.468,14.440,0.707,2.661,0.001,11.7,15.9,20.6,2,0
2017 09 09 00:35:33,22.0,22.0,45.6,50.0,-12.0,-12.0,33.2,2.45,32.4,20,80,10.2,32.6,22.0,28.7,22.0,36.9,36.6,33.6,30.0,30.0,32.6,0,2165,273,0,0,3.468,14.440,0.707,2.661,0.001,11.7,15.9,20.6,2,0
2017 09 09 00:35:34,22.0,22.0,45.6,50.0,-12.0,-12.0,33.2,2.45,32.4,20,80,10.2,32.6,22.0,28.7,22.0,36.9,36.6,33.6,30.0,30.0,32.6,0,2165,273,0,0,3.468,14.440,0.707,2.661,0.001,11.7,15.9,20.6,2,0
2017 09 09 00:45:29,22.0,22.0,45.6,50.0,-12.0,-12.0,33.2,2.37,0.0,0,0,10.3,34.3,22.0,28.1,22.0,35.2,35.4,33.6,30.0,30.0,34.3,487,2165,273,0,0,3.468,14.440,0.707,2.661,0.001,11.7,15.9,20.6,2,0
2017 09 09 00:45:33,22.0,22.0,45.6,50.0,-12.0,-12.0,33.2,2.37,0.0,0,0,10.3,34.3,22.0,28.1,22.0,35.2,35.4,33.6,30.0,30.0,34.3,487,2165,273,0,0,3.468,14.440,0.707,2.661,0.001,11.7,15.9,20.6,2,0
2017 09 09 00:45:34,22.0,22.0,45.6,50.0,-12.0,-12.0,33.2,2.37,0.0,0,0,10.3,34.3,22.0,28.1,22.0,35.2,35.4,33.6,30.0,30.0,34.3,487,2165,273,0,0,3.468,14.440,0.707,2.661,0.001,11.7,15.9,20.6,2,0
2017 09 09 00:55:29,22.0,22.0,45.6,50.0,-12.0,-12.0,27.8,2.37,0.0,0,0,10.1,34.3,22.0,28.1,22.0,35.0,34.8,33.1,30.0,30.0,34.3,0,2165,273,0,0,3.468,14.440,0.707,2.661,0.001,11.7,15.9,20.6,2,0
2017 09 09 00:55:32,22.0,22.0,45.6,50.0,-12.0,-12.0,27.2,2.37,0.0,0,0,10.1,34.3,22.0,28.1,22.0,35.0,34.8,33.1,30.0,30.0,34.3,0,2165,273,0,0,3.468,14.440,0.707,2.661,0.001,11.7,15.9,20.6,2,0
2017 09 09 00:55:34,22.0,22.0,45.6,50.0,-12.0,-12.0,27.2,2.37,0.0,0,0,10.1,34.3,22.0,28.1,22.0,35.0,34.8,33.1,30.0,30.0,34.3,0,2165,273,0,0,3.468,14.440,0.707,2.661,0.001,11.7,15.9,20.6,2,0
2017 09 09 01:05:29,22.0,22.0,45.6,50.0,-12.0,-12.0,21.3,2.37,0.0,0,0,10.2,33.2,22.0,28.1,22.0,34.7,34.3,32.7,30.0,30.0,33.2,0,2165,273,0,0,6.397,14.440,0.707,2.661,0.001,11.7,15.9,20.6,2,0
2017 09 09 01:05:32,22.0,22.0,45.6,50.0,-12.0,-12.0,21.3,2.37,0.0,0,0,10.2,33.2,22.0,28.1,22.0,34.7,34.3,32.7,30.0,30.0,33.2,0,2165,273,0,0,6.397,14.440,0.707,2.661,0.001,11.7,15.9,20.6,2,0
2017 09 09 01:05:34,22.0,22.0,45.6,50.0,-12.0,-12.0,21.3,2.37,0.0,0,0,10.2,33.2,22.0,28.1,22.0,34.7,34.3,32.7,30.0,30.0,33.2,0,2165,273,0,0,6.397,14.440,0.707,2.661,0.001,11.7,15.9,20.6,2,0
2017 09 09 01:15:29,22.0,22.0,45.5,50.0,-12.0,-12.0,16.6,2.37,0.0,0,0,10.1,30.0,22.0,28.0,22.0,34.4,33.8,32.2,30.0,30.0,30.0,0,2165,273,0,0,6.397,14.440,0.707,2.661,0.001,11.7,15.9,20.6,2,0
2017 09 09 01:15:33,22.0,22.0,45.5,50.0,-12.0,-12.0,16.6,2.37,0.0,0,0,10.1,30.0,22.0,28.0,22.0,34.4,33.8,32.2,30.0,30.0,30.0,0,2165,273,0,0,6.397,14.440,0.707,2.661,0.001,11.7,15.9,20.6,2,0
2017 09 09 01:15:34,22.0,22.0,45.5,50.0,-12.0,-12.0,16.6,2.37,0.0,0,0,10.1,30.0,22.0,28.0,22.0,34.4,33.8,32.2,30.0,30.0,30.0,0,2165,273,0,0,6.397,14.440,0.707,2.661,0.001,11.7,15.9,20.6,2,0
2017 09 09 01:25:29,22.0,22.0,45.4,50.0,-12.0,-12.0,15.4,2.37,0.0,0,0,10.0,27.6,22.0,27.8,22.0,34.2,33.4,31.7,30.0,30.0,27.6,0,2165,273,0,0,6.397,14.440,0.707,2.661,0.001,11.7,15.9,20.6,2,0
2017 09 09 01:25:32,22.0,22.0,45.4,50.0,-12.0,-12.0,15.4,2.37,0.0,0,0,10.0,27.6,22.0,27.8,22.0,34.2,33.4,31.7,30.0,30.0,27.6,0,2165,273,0,0,6.397,14.440,0.707,2.661,0.001,11.7,15.9,20.6,2,0
2017 09 09 01:25:34,22.0,22.0,45.4,50.0,-12.0,-12.0,15.4,2.37,0.0,0,0,10.0,27.6,22.0,27.8,22.0,34.2,33.4,31.7,30.0,30.0,27.6,0,2165,273,0,0,6.397,14.440,0.707,2.661,0.001,11.7,15.9,20.6,2,0
2017 09 09 01:35:29,22.0,22.0,45.2,50.0,-12.0,-12.0,15.9,2.37,0.0,0,0,10.0,26.7,22.0,27.6,22.0,33.9,33.0,31.4,30.0,30.0,26.7,0,2165,273,0,0,6.397,14.440,0.707,2.661,0.001,11.7,15.9,20.6,2,0
2017 09 09 01:35:32,22.0,22.0,45.2,50.0,-12.0,-12.0,15.9,2.37,0.0,0,0,10.0,26.6,22.0,27.6,22.0,33.9,33.0,31.4,30.0,30.0,26.6,0,2165,273,0,0,6.397,14.440,0.707,2.661,0.001,11.7,15.9,20.6,2,0
2017 09 09 01:35:34,22.0,22.0,45.2,50.0,-12.0,-12.0,15.9,2.37,0.0,0,0,10.0,26.6,22.0,27.6,22.0,33.9,33.0,31.4,30.0,30.0,26.6,0,2165,273,0,0,6.397,14.440,0.707,2.661,0.001,11.7,15.9,20.6,2,0
2017 09 09 01:45:29,22.0,22.0,45.3,50.0,-12.0,-12.0,16.8,2.37,0.0,0,0,9.8,26.5,22.0,27.6,22.0,33.6,32.7,31.0,30.0,30.0,26.5,0,2165,273,0,0,6.397,14.440,0.707,2.661,0.001,11.7,15.9,20.6,2,0
2017 09 09 01:45:32,22.0,22.0,45.3,50.0,-12.0,-12.0,16.8,2.37,0.0,0,0,9.8,26.5,22.0,27.6,22.0,33.6,32.7,31.0,30.0,30.0,26.5,0,2165,273,0,0,6.397,14.440,0.707,2.661,0.001,11.7,15.9,20.6,2,0
2017 09 09 01:45:34,22.0,22.0,45.3,50.0,-12.0,-12.0,16.8,2.37,0.0,0,0,9.8,26.5,22.0,27.6,22.0,33.6,32.7,31.0,30.0,30.0,26.5,0,2165,273,0,0,6.397,14.440,0.707,2.661,0.001,11.7,15.9,20.6,2,0
2017 09 09 01:55:30,22.0,22.0,45.2,50.0,-12.0,-12.0,25.5,2.45,32.4,21,80,9.7,25.9,22.0,27.0,22.0,31.0,31.0,26.9,30.0,30.0,25.9,0,2165,273,0,0,6.397,14.440,0.707,2.661,0.001,11.7,15.9,20.6,2,0
2017 09 09 01:55:34,22.0,22.0,45.2,50.0,-12.0,-12.0,25.5,2.45,32.4,21,80,9.7,25.9,22.0,27.0,22.0,31.0,31.0,26.9,30.0,30.0,25.9,0,2165,273,0,0,6.397,14.440,0.707,2.661,0.001,11.7,15.9,20.6,2,0
2017 09 09 01:55:35,22.0,22.0,45.2,50.0,-12.0,-12.0,25.5,2.45,32.4,21,80,9.7,25.9,22.0,27.0,22.0,31.0,31.0,26.9,30.0,30.0,25.9,0,2165,273,0,0,6.397,14.440,0.707,2.661,0.001,11.7,15.9,20.6,2,0
2017 09 09 02:05:27,22.0,22.0,45.3,50.0,-12.0,-12.0,30.7,2.45,32.9,20,80,9.9,30.3,22.0,28.4,22.0,34.4,34.2,31.1,30.0,30.0,30.3,0,2166,273,0,0,7.330,14.440,0.707,2.661,0.001,11.7,15.9,20.6,2,0
2017 09 09 02:05:31,22.0,22.0,45.3,50.0,-12.0,-12.0,30.7,2.45,32.9,20,80,9.9,30.3,22.0,28.4,22.0,34.4,34.2,31.1,30.0,30.0,30.3,0,2166,273,0,0,7.330,14.440,0.707,2.661,0.001,11.7,15.9,20.6,2,0
2017 09 09 02:15:29,22.0,22.0,45.2,50.0,-12.0,-12.0,33.6,2.45,33.4,20,80,9.9,33.2,22.0,28.7,22.0,37.3,37.0,34.0,30.0,30.0,33.2,0,2166,273,0,0,7.330,14.440,0.707,2.661,0.001,11.7,15.9,20.6,2,0
2017 09 09 02:15:32,22.0,22.0,45.2,50.0,-12.0,-12.0,33.6,2.45,33.4,20,80,9.9,33.2,22.0,28.7,22.0,37.3,37.0,34.0,30.0,30.0,33.2,0,2166,273,0,0,7.330,14.440,0.707,2.661,0.001,11.7,15.9,20.6,2,0
2017 09 09 02:15:34,22.0,22.0,45.2,50.0,-12.0,-12.0,33.6,2.45,33.4,20,80,9.9,33.2,22.0,28.7,22.0,37.3,37.0,34.0,30.0,30.0,33.2,0,2166,273,0,0,7.330,14.440,0.707,2.661,0.001,11.7,15.9,20.6,2,0
2017 09 09 02:25:29,22.0,22.0,45.2,50.0,-12.0,-12.0,31.8,2.39,0.0,0,0,10.0,34.3,22.0,28.7,22.0,35.0,35.1,33.5,30.0,30.0,34.3,376,2166,273,0,0,7.330,14.440,0.707,2.661,0.001,11.7,15.9,20.6,2,0
2017 09 09 02:25:33,22.0,22.0,45.2,50.0,-12.0,-12.0,31.8,2.39,0.0,0,0,10.0,34.3,22.0,28.7,22.0,35.0,35.1,33.5,30.0,30.0,34.3,376,2166,273,0,0,7.330,14.440,0.707,2.661,0.001,11.7,15.9,20.6,2,0
2017 09 09 02:25:34,22.0,22.0,45.2,50.0,-12.0,-12.0,31.8,2.39,0.0,0,0,10.0,34.3,22.0,28.7,22.0,35.0,35.1,33.5,30.0,30.0,34.3,376,2166,273,0,0,7.330,14.440,0.707,2.661,0.001,11.7,15.9,20.6,2,0
2017 09 09 02:35:29,22.0,22.0,45.2,50.0,-12.0,-12.0,26.2,2.37,0.0,0,0,10.2,33.8,22.0,28.6,22.0,34.8,34.6,32.9,30.0,30.0,33.8,0,2166,273,0,0,7.330,14.440,0.707,2.661,0.001,11.7,15.9,20.6,2,0
2017 09 09 02:35:32,22.0,22.0,45.2,50.0,-12.0,-12.0,26.2,2.37,0.0,0,0,10.2,33.8,22.0,28.6,22.0,34.8,34.6,32.9,30.0,30.0,33.8,0,2166,273,0,0,7.330,14.440,0.707,2.661,0.001,11.7,15.9,20.6,2,0
2017 09 09 02:35:34,22.0,22.0,45.2,50.0,-12.0,-12.0,26.2,2.37,0.0,0,0,10.2,33.8,22.0,28.6,22.0,34.8,34.6,32.9,30.0,30.0,33.8,0,2166,273,0,0,7.330,14.440,0.707,2.661,0.001,11.7,15.9,20.6,2,0
2017 09 09 02:45:29,22.0,22.0,45.1,50.0,-12.0,-12.0,20.4,2.37,0.0,0,0,10.3,31.5,22.0,28.2,22.0,34.7,34.0,32.5,30.0,30.0,31.5,0,2166,273,0,0,7.330,14.440,0.707,2.661,0.001,11.7,15.9,20.6,2,0
2017 09 09 02:45:32,22.0,22.0,45.1,50.0,-12.0,-12.0,20.4,2.37,0.0,0,0,10.3,31.5,22.0,28.2,22.0,34.7,34.0,32.5,30.0,30.0,31.5,0,2166,273,0,0,7.330,14.440,0.707,2.661,0.001,11.7,15.9,20.6,2,0
2017 09 09 02:45:34,22.0,22.0,45.1,50.0,-12.0,-12.0,20.4,2.37,0.0,0,0,10.3,31.5,22.0,28.2,22.0,34.7,34.0,32.5,30.0,30.0,31.5,0,2166,273,0,0,7.330,14.440,0.707,2.661,0.001,11.7,15.9,20.6,2,0
2017 09 09 02:55:29,22.0,22.0,45.1,50.0,-12.0,-12.0,16.3,2.37,0.0,0,0,10.3,28.4,22.0,28.2,22.0,34.3,33.6,32.1,30.0,30.0,28.3,0,2166,273,0,0,7.330,14.440,0.707,2.661,0.001,11.7,15.9,20.6,2,0
2017 09 09 02:55:32,22.0,22.0,45.1,50.0,-12.0,-12.0,16.3,2.37,0.0,0,0,10.5,28.4,22.0,28.2,22.0,34.3,33.6,32.0,30.0,30.0,28.3,0,2166,273,0,0,7.330,14.440,0.707,2.661,0.001,11.7,15.9,20.6,2,0
2017 09 09 02:55:34,22.0,22.0,45.1,50.0,-12.0,-12.0,16.3,2.37,0.0,0,0,10.5,28.4,22.0,28.2,22.0,34.3,33.6,32.0,30.0,30.0,28.3,0,2166,273,0,0,7.330,14.440,0.707,2.661,0.001,11.7,15.9,20.6,2,0
2017 09 09 03:05:29,22.0,22.0,45.1,50.0,-12.0,-12.0,16.2,2.37,0.0,0,0,10.6,27.0,22.0,28.1,22.0,34.1,33.2,31.7,30.0,30.0,27.0,0,2166,273,0,0,9.278,14.440,0.707,2.661,0.001,11.7,15.9,20.6,2,0
2017 09 09 03:05:33,22.0,22.0,45.1,50.0,-12.0,-12.0,16.2,2.37,0.0,0,0,10.6,27.0,22.0,28.1,22.0,34.1,33.2,31.7,30.0,30.0,27.0,0,2166,273,0,0,9.278,14.440,0.707,2.661,0.001,11.7,15.9,20.6,2,0
2017 09 09 03:05:34,22.0,22.0,45.1,50.0,-12.0,-12.0,16.2,2.37,0.0,0,0,10.6,27.0,22.0,28.1,22.0,34.1,33.2,31.7,30.0,30.0,27.0,0,2166,273,0,0,9.278,14.440,0.707,2.661,0.001,11.7,15.9,20.6,2,0
2017 09 09 03:15:31,22.0,22.0,45.1,50.0,-12.0,-12.0,16.9,2.37,0.0,0,0,10.7,26.5,22.0,28.1,22.0,33.8,32.9,31.3,30.0,30.0,26.5,0,2166,273,0,0,9.278,14.440,0.707,2.661,0.001,11.7,15.9,20.6,2,0
2017 09 09 03:15:32,22.0,22.0,45.1,50.0,-12.0,-12.0,17.0,2.37,0.0,0,0,10.7,26.5,22.0,28.1,22.0,33.8,32.9,31.3,30.0,30.0,26.5,0,2166,273,0,0,9.278,14.440,0.707,2.661,0.001,11.7,15.9,20.6,2,0
2017 09 09 03:15:38,22.0,22.0,45.1,50.0,-12.0,-12.0,17.0,2.37,0.0,0,0,10.7,26.5,22.0,28.1,22.0,33.8,32.8,31.3,30.0,30.0,26.5,0,2166,273,0,0,9.278,14.440,0.707,2.661,0.001,11.7,15.9,20.6,2,0
2017 09 09 03:25:28,22.0,22.0,45.1,50.0,-12.0,-12.0,16.9,2.37,0.0,0,0,10.7,26.1,22.0,27.8,22.0,33.5,32.5,31.0,30.0,30.0,26.1,0,2166,273,0,0,9.278,14.440,0.707,2.661,0.001,11.7,15.9,20.6,2,0
2017 09 09 03:25:32,22.0,22.0,45.1,50.0,-12.0,-12.0,16.9,2.37,0.0,0,0,10.7,26.1,22.0,27.8,22.0,33.5,32.5,31.0,30.0,30.0,26.1,0,2166,273,0,0,9.278,14.440,0.707,2.661,0.001,11.7,15.9,20.6,2,0
2017 09 09 03:25:34,22.0,22.0,45.1,50.0,-12.0,-12.0,16.9,2.37,0.0,0,0,10.7,26.0,22.0,27.8,22.0,33.5,32.5,31.0,30.0,30.0,26.1,0,2166,273,0,0,9.278,14.440,0.707,2.661,0.001,11.7,15.9,20.6,2,0
2017 09 09 03:35:29,22.0,22.0,45.1,50.0,-12.0,-12.0,26.8,2.45,32.9,20,80,10.6,27.0,22.0,26.5,22.0,30.5,30.5,27.3,30.0,30.0,27.0,0,2166,273,0,0,9.278,14.440,0.707,2.661,0.001,11.7,15.9,20.6,2,0
2017 09 09 03:35:32,22.0,22.0,45.1,50.0,-12.0,-12.0,26.8,2.45,32.9,20,80,10.6,27.0,22.0,26.5,22.0,30.5,30.5,27.3,30.0,30.0,27.0,0,2166,273,0,0,9.278,14.440,0.707,2.661,0.001,11.7,15.9,20.6,2,0
2017 09 09 03:35:34,22.0,22.0,45.1,50.0,-12.0,-12.0,26.8,2.45,32.9,20,80,10.6,27.0,22.0,26.5,22.0,30.5,30.5,27.3,30.0,30.0,27.0,0,2166,273,0,0,9.278,14.440,0.707,2.661,0.001,11.7,15.9,20.6,2,0
2017 09 09 03:45:32,22.0,22.0,45.1,50.0,-12.0,-12.0,32.1,2.45,32.9,20,80,10.7,30.9,22.0,27.8,22.0,35.9,34.9,32.1,30.0,30.0,30.9,0,2166,273,0,0,9.278,14.440,0.707,2.661,0.001,11.7,15.9,20.6,2,0
2017 09 09 03:45:32,22.0,22.0,45.1,50.0,-12.0,-12.0,32.1,2.45,32.4,20,80,10.7,30.9,22.0,27.8,22.0,35.9,35.5,32.1,30.0,30.0,30.9,0,2166,273,0,0,9.278,14.440,0.707,2.661,0.001,11.7,15.9,20.6,2,0
2017 09 09 03:55:27,22.0,22.0,45.1,50.0,-12.0,-12.0,34.5,2.39,0.0,0,0,10.9,33.8,22.0,28.1,22.0,35.5,35.9,34.6,30.0,30.0,33.8,739,2166,273,0,0,9.278,14.440,0.707,2.661,0.001,11.7,15.9,20.6,2,0
2017 09 09 03:55:31,22.0,22.0,45.1,50.0,-12.0,-12.0,34.5,2.39,0.0,0,0,10.9,34.3,22.0,28.1,22.0,35.5,35.9,34.6,30.0,30.0,34.3,739,2166,273,0,0,9.278,14.440,0.707,2.661,0.001,11.7,15.9,20.6,2,0
2017 09 09 04:05:29,22.0,22.0,45.1,50.0,-12.0,-12.0,30.6,2.39,0.0,0,0,10.9,34.3,22.0,28.1,22.0,35.1,35.3,33.4,30.0,30.0,34.3,159,2166,273,0,0,12.214,14.440,0.707,2.661,0.001,11.7,15.9,20.6,2,0
2017 09 09 04:05:32,22.0,22.0,45.1,50.0,-12.0,-12.0,30.6,2.39,0.0,0,0,10.9,34.3,22.0,28.1,22.0,35.1,35.3,33.4,30.0,30.0,34.3,159,2166,273,0,0,12.214,14.440,0.707,2.661,0.001,11.7,15.9,20.6,2,0
2017 09 09 04:05:34,22.0,22.0,45.1,50.0,-12.0,-12.0,30.6,2.39,0.0,0,0,10.9,34.3,22.0,28.1,22.0,35.1,35.3,33.4,30.0,30.0,34.3,159,2166,273,0,0,12.214,14.440,0.707,2.661,0.001,11.7,15.9,20.6,2,0
2017 09 09 04:15:29,22.0,22.0,45.1,50.0,-12.0,-12.0,24.0,2.39,0.0,0,0,10.9,33.9,22.0,28.0,22.0,35.0,34.7,32.9,30.0,30.0,33.9,0,2166,273,0,0,12.214,14.440,0.707,2.661,0.001,11.7,15.9,20.6,2,0
2017 09 09 04:15:32,22.0,22.0,45.1,50.0,-12.0,-12.0,24.0,2.39,0.0,0,0,10.9,33.9,22.0,28.0,22.0,35.0,34.7,32.9,30.0,30.0,33.9,0,2166,273,0,0,12.214,14.440,0.707,2.661,0.001,11.7,15.9,20.6,2,0
2017 09 09 04:15:34,22.0,22.0,45.1,50.0,-12.0,-12.0,24.0,2.39,0.0,0,0,10.9,33.9,22.0,28.0,22.0,35.0,34.7,32.9,30.0,30.0,33.9,0,2166,273,0,0,12.214,14.440,0.707,2.661,0.001,11.7,15.9,20.6,2,0
2017 09 09 04:25:28,22.0,22.0,45.1,50.0,-12.0,-12.0,18.6,2.37,0.0,0,0,10.9,32.0,22.0,27.8,22.0,34.7,34.2,32.4,30.0,30.0,32.0,0,2166,273,0,0,12.214,14.440,0.707,2.661,0.001,11.7,15.9,20.6,2,0
2017 09 09 04:25:32,22.0,22.0,45.1,50.0,-12.0,-12.0,18.6,2.37,0.0,0,0,10.9,32.0,22.0,27.8,22.0,34.7,34.2,32.4,30.0,30.0,32.0,0,2166,273,0,0,12.214,14.440,0.707,2.661,0.001,11.7,15.9,20.6,2,0
2017 09 09 04:25:34,22.0,22.0,45.1,50.0,-12.0,-12.0,18.6,2.37,0.0,0,0,10.9,32.0,22.0,27.8,22.0,34.7,34.2,32.4,30.0,30.0,32.0,0,2166,273,0,0,12.214,14.440,0.707,2.661,0.001,11.7,15.9,20.6,2,0
2017 09 09 04:35:29,22.0,22.0,45.1,50.0,-12.0,-12.0,16.3,2.37,0.0,0,0,10.9,29.3,22.0,27.8,22.0,34.4,33.8,32.0,30.0,30.0,29.3,0,2166,273,0,0,12.214,14.440,0.707,2.661,0.001,11.7,15.9,20.6,2,0
2017 09 09 04:35:32,22.0,22.0,45.1,50.0,-12.0,-12.0,16.3,2.37,0.0,0,0,10.9,29.3,22.0,27.8,22.0,34.4,33.8,32.0,30.0,30.0,29.3,0,2166,273,0,0,12.214,14.440,0.707,2.661,0.001,11.7,15.9,20.6,2,0
2017 09 09 04:35:34,22.0,22.0,45.1,50.0,-12.0,-12.0,16.3,2.37,0.0,0,0,10.9,29.3,22.0,27.8,22.0,34.4,33.8,32.0,30.0,30.0,29.3,0,2166,273,0,0,12.214,14.440,0.707,2.661,0.001,11.7,15.9,20.6,2,0
2017 09 09 04:45:31,22.0,22.0,45.1,50.0,-12.0,-12.0,16.4,2.37,0.0,0,0,11.0,27.6,22.0,27.7,22.0,34.2,33.4,31.6,30.0,30.0,27.6,0,2166,273,0,0,12.214,14.440,0.707,2.661,0.001,11.7,15.9,20.6,2,0
2017 09 09 04:45:32,22.0,22.0,45.1,50.0,-12.0,-12.0,16.4,2.37,0.0,0,0,11.0,27.6,22.0,27.7,22.0,34.2,33.4,31.6,30.0,30.0,27.6,0,2166,273,0,0,12.214,14.440,0.707,2.661,0.001,11.7,15.9,20.6,2,0
2017 09 09 04:45:38,22.0,22.0,45.1,50.0,-12.0,-12.0,16.4,2.37,0.0,0,0,11.0,27.6,22.0,27.6,22.0,34.2,33.4,31.6,30.0,30.0,27.6,0,2166,273,0,0,12.214,14.440,0.707,2.661,0.001,11.7,15.9,20.6,2,0
2017 09 09 04:55:27,22.0,22.0,45.1,50.0,-12.0,-12.0,17.2,2.37,0.0,0,0,11.1,26.6,22.0,27.6,22.0,33.9,32.9,31.3,30.0,30.0,26.6,0,2166,273,0,0,12.214,14.440,0.707,2.661,0.001,11.7,15.9,20.6,2,0
2017 09 09 04:55:31,22.0,22.0,45.1,50.0,-12.0,-12.0,17.2,2.37,0.0,0,0,11.1,26.6,22.0,27.6,22.0,33.9,32.9,31.3,30.0,30.0,26.6,0,2166,273,0,0,12.214,14.440,0.707,2.661,0.001,11.7,15.9,20.6,2,0
2017 09 09 05:05:27,22.0,22.0,45.1,50.0,-12.0,-12.0,17.2,2.37,0.0,0,0,11.1,26.4,22.0,27.6,22.0,33.6,32.7,31.0,30.0,30.0,26.4,0,2166,273,0,0,12.214,14.440,0.707,2.661,0.001,11.7,15.9,20.6,2,0
2017 09 09 05:05:30,22.0,22.0,45.1,50.0,-12.0,-12.0,17.2,2.37,0.0,0,0,11.1,26.4,22.0,27.6,22.0,33.6,32.7,31.0,30.0,30.0,26.4,0,2166,273,0,0,12.214,14.440,0.707,2.661,0.001,11.7,15.9,20.6,2,0
2017 09 09 05:15:28,22.0,22.0,45.1,50.0,-12.0,-12.0,16.8,2.37,0.0,0,0,11.2,25.8,22.0,27.5,22.0,33.4,32.4,30.8,30.0,30.0,25.8,0,2166,273,0,0,12.214,14.440,0.707,2.661,0.001,11.7,15.9,20.6,2,0
2017 09 09 05:15:33,22.0,22.0,45.1,50.0,-12.0,-12.0,16.8,2.37,0.0,0,0,11.2,25.8,22.0,27.6,22.0,33.4,32.4,30.7,30.0,30.0,25.8,0,2166,273,0,0,12.214,14.440,0.707,2.661,0.001,11.7,15.9,20.6,2,0
2017 09 09 05:15:34,22.0,22.0,45.1,50.0,-12.0,-12.0,16.8,2.37,0.0,0,0,11.2,25.8,22.0,27.6,22.0,33.4,32.4,30.7,30.0,30.0,25.8,0,2166,273,0,0,12.214,14.440,0.707,2.661,0.001,11.7,15.9,20.6,2,0
2017 09 09 05:25:28,22.0,22.0,45.1,50.0,-12.0,-12.0,29.4,2.45,32.9,20,80,11.2,28.7,22.0,27.0,22.0,33.7,32.9,30.5,30.0,30.0,28.7,0,2166,273,0,0,12.214,14.440,0.707,2.661,0.001,11.7,15.9,20.6,2,0
2017 09 09 05:25:33,22.0,22.0,45.1,50.0,-12.0,-12.0,29.4,2.45,32.9,20,80,11.2,28.7,22.0,27.0,22.0,33.7,32.9,30.5,30.0,30.0,28.7,0,2166,273,0,0,12.214,14.440,0.707,2.661,0.001,11.7,15.9,20.6,2,0
2017 09 09 05:25:33,22.0,22.0,45.1,50.0,-12.0,-12.0,29.4,2.45,32.9,20,80,11.2,28.7,22.0,27.0,22.0,33.7,32.9,30.5,30.0,30.0,28.7,0,2166,273,0,0,12.214,14.440,0.707,2.661,0.001,11.7,15.9,20.6,2,0
2017 09 09 05:35:29,22.0,22.0,45.1,50.0,-12.0,-12.0,33.1,2.45,32.9,20,80,11.4,32.0,22.0,27.8,22.0,36.9,36.5,33.5,30.0,30.0,32.0,0,2166,273,0,0,12.214,14.440,0.707,2.661,0.001,11.7,15.9,20.6,2,0
2017 09 09 05:35:32,22.0,22.0,45.1,50.0,-12.0,-12.0,33.3,2.45,32.9,20,80,11.4,32.0,22.0,27.8,22.0,37.2,36.5,33.5,30.0,30.0,32.0,0,2166,273,0,0,12.214,14.440,0.707,2.661,0.001,11.7,15.9,20.6,2,0
2017 09 09 05:35:34,22.0,22.0,45.1,50.0,-12.0,-12.0,33.3,2.45,32.9,20,80,11.4,32.0,22.0,27.8,22.0,37.2,36.8,33.5,30.0,30.0,32.0,0,2166,273,0,0,12.214,14.440,0.707,2.661,0.001,11.7,15.9,20.6,2,0
2017 09 09 05:45:32,22.0,22.0,45.1,50.0,-12.0,-12.0,33.7,2.39,0.0,0,0,11.4,34.3,22.0,28.0,22.0,35.4,35.7,33.8,30.0,30.0,34.3,526,2166,273,0,0,12.214,14.440,0.707,2.661,0.001,11.7,15.9,20.6,2,0
2017 09 09 05:45:32,22.0,22.0,45.1,50.0,-12.0,-12.0,33.7,2.39,0.0,0,0,11.4,34.3,22.0,28.0,22.0,35.4,35.7,33.8,30.0,30.0,34.3,526,2166,273,0,0,12.214,14.440,0.707,2.661,0.001,11.7,15.9,20.6,2,0
2017 09 09 05:55:28,22.0,22.0,45.1,50.0,-12.0,-12.0,29.3,2.43,21.9,56,80,11.5,34.3,22.0,28.1,22.0,34.2,34.6,29.0,30.0,30.0,34.3,0,2166,273,0,0,12.214,14.440,0.707,2.661,0.001,11.7,15.9,20.6,2,0
2017 09 09 05:55:32,22.0,22.0,45.1,50.0,-12.0,-12.0,29.3,2.43,21.9,56,80,11.5,34.3,22.0,28.1,22.0,34.2,34.6,29.0,30.0,30.0,34.3,0,2166,273,0,0,12.214,14.440,0.707,2.661,0.001,11.7,15.9,20.6,2,0
2017 09 09 05:55:34,22.0,22.0,45.1,50.0,-12.0,-12.0,29.3,2.43,21.9,56,80,11.5,34.3,22.0,28.1,22.0,34.2,34.6,29.0,30.0,30.0,34.3,0,2166,273,0,0,12.214,14.440,0.707,2.661,0.001,11.7,15.9,20.6,2,0
2017 09 09 06:05:29,22.0,22.0,45.1,50.0,-12.0,-12.0,37.9,2.50,32.9,56,80,11.5,36.4,22.0,32.2,22.0,42.6,41.5,38.0,30.0,30.0,36.4,0,2166,273,0,0,15.031,14.440,1.780,2.661,0.001,11.7,15.9,20.6,2,0
2017 09 09 06:05:33,22.0,22.0,45.1,50.0,-12.0,-12.0,37.9,2.50,32.4,56,80,11.5,36.4,22.0,32.2,22.0,42.6,42.1,38.0,30.0,30.0,36.4,0,2166,273,0,0,15.031,14.440,1.780,2.661,0.001,11.7,15.9,20.6,2,0
2017 09 09 06:05:34,22.0,22.0,45.1,50.0,-12.0,-12.0,37.9,2.50,32.4,56,80,11.5,36.4,22.0,32.2,22.0,42.6,42.1,38.0,30.0,30.0,36.4,0,2166,273,0,0,15.031,14.440,1.780,2.661,0.001,11.7,15.9,20.6,2,0
2017 09 09 06:15:29,22.0,22.0,45.1,50.0,-12.0,-12.0,41.7,2.50,33.4,56,80,11.6,40.0,22.0,34.9,22.0,46.3,45.8,42.2,30.0,30.0,40.0,0,2166,273,0,0,15.031,14.440,1.780,2.661,0.001,11.7,15.9,20.6,2,0
2017 09 09 06:15:32,22.0,22.0,45.1,50.0,-12.0,-12.0,41.7,2.50,33.4,56,80,11.6,40.1,22.0,34.9,22.0,46.3,45.8,42.2,30.0,30.0,40.2,0,2166,273,0,0,15.031,14.440,1.780,2.661,0.001,11.7,15.9,20.6,2,0
2017 09 09 06:15:34,22.0,22.0,45.1,50.0,-12.0,-12.0,41.7,2.50,33.4,56,80,11.6,40.1,22.0,34.9,22.0,46.3,45.8,42.2,30.0,30.0,40.2,0,2166,273,0,0,15.031,14.440,1.780,2.661,0.001,11.7,15.9,20.6,2,0
2017 09 09 06:25:29,22.0,22.0,45.1,50.0,-12.0,-12.0,44.8,2.52,32.4,56,80,11.7,43.3,22.0,34.9,22.0,49.4,48.9,45.3,30.0,30.0,43.3,0,2166,273,0,0,15.031,14.440,1.780,2.661,0.001,11.7,15.9,20.6,2,0
2017 09 09 06:25:34,22.0,22.0,45.1,50.0,-12.0,-12.0,44.8,2.52,32.4,56,80,11.7,43.3,22.0,34.9,22.0,49.4,48.9,45.3,30.0,30.0,43.3,0,2166,273,0,0,15.031,14.440,1.780,2.661,0.001,11.7,15.9,20.6,2,0
2017 09 09 06:25:34,22.0,22.0,45.1,50.0,-12.0,-12.0,44.8,2.52,32.4,56,80,11.7,43.3,22.0,34.9,22.0,49.4,48.9,45.3,30.0,30.0,43.3,0,2166,273,0,0,15.031,14.440,1.780,2.661,0.001,11.7,15.9,20.6,2,0
2017 09 09 06:35:28,22.0,22.0,46.8,50.0,-12.0,-12.0,47.4,2.54,32.9,56,80,11.8,45.6,22.0,35.6,22.0,52.1,51.7,47.7,30.0,30.0,45.6,0,2166,273,0,0,15.031,14.440,1.780,2.661,0.001,11.7,15.9,20.6,2,0
2017 09 09 06:35:32,22.0,22.0,46.8,50.0,-12.0,-12.0,47.4,2.54,32.9,56,80,11.8,45.6,22.0,35.6,22.0,52.1,51.7,47.7,30.0,30.0,45.6,0,2166,273,0,0,15.031,14.440,1.780,2.661,0.001,11.7,15.9,20.6,2,0
2017 09 09 06:35:34,22.0,22.0,46.8,50.0,-12.0,-12.0,47.4,2.54,32.9,56,80,11.8,45.6,22.0,35.6,22.0,52.1,51.7,47.7,30.0,30.0,45.6,0,2166,273,0,0,15.031,14.440,1.780,2.661,0.001,11.7,15.9,20.6,2,0
2017 09 09 06:45:28,22.0,22.0,49.2,50.0,-12.0,-12.0,49.7,2.57,32.9,56,80,12.0,48.1,22.0,36.6,22.0,54.5,54.0,50.2,30.0,30.0,48.1,0,2166,273,0,0,15.031,14.440,1.780,2.661,0.001,11.7,15.9,20.6,2,0
2017 09 09 06:45:32,22.0,22.0,49.2,50.0,-12.0,-12.0,49.7,2.57,32.9,56,80,12.0,48.1,22.0,36.6,22.0,54.5,54.0,50.2,30.0,30.0,48.1,0,2166,273,0,0,15.031,14.440,1.780,2.661,0.001,11.7,15.9,20.6,2,0
2017 09 09 06:45:34,22.0,22.0,49.2,50.0,-12.0,-12.0,49.7,2.57,32.9,56,80,12.0,48.1,22.0,36.6,22.0,54.5,54.0,50.2,30.0,30.0,48.1,0,2166,273,0,0,15.031,14.440,1.780,2.661,0.001,11.7,15.9,20.6,2,0
2017 09 09 06:55:29,22.0,22.0,51.2,50.0,-12.0,-12.0,49.4,2.50,0.0,0,0,12.1,49.7,22.0,25.9,22.0,51.5,51.5,47.1,30.0,30.0,49.7,480,2166,273,0,0,15.031,14.440,1.780,2.661,0.001,11.7,15.9,20.6,2,0
2017 09 09 06:55:32,22.0,22.0,51.2,50.0,-12.0,-12.0,49.4,2.50,0.0,0,0,12.1,49.7,22.0,25.9,22.0,51.5,51.5,47.1,30.0,30.0,49.7,480,2166,273,0,0,15.031,14.440,1.780,2.661,0.001,11.7,15.9,20.6,2,0
2017 09 09 06:55:34,22.0,22.0,51.2,50.0,-12.0,-12.0,49.4,2.50,0.0,0,0,12.1,49.7,22.0,25.9,22.0,51.5,51.5,47.1,30.0,30.0,49.7,480,2166,273,0,0,15.031,14.440,1.780,2.661,0.001,11.7,15.9,20.6,2,0
2017 09 09 07:05:29,22.0,22.0,51.4,50.0,-12.0,-12.0,45.0,2.46,0.0,0,0,12.2,47.4,22.0,27.0,22.0,50.8,49.7,45.7,30.0,30.0,47.4,0,2166,274,0,0,15.151,14.440,9.525,2.661,0.001,11.7,15.9,20.6,2,0
2017 09 09 07:05:33,22.0,22.0,51.4,50.0,-12.0,-12.0,45.0,2.46,0.0,0,0,12.2,47.4,22.0,27.0,22.0,50.8,49.7,45.8,30.0,30.0,47.4,0,2166,274,0,0,15.151,14.440,9.525,2.661,0.001,11.7,15.9,20.6,2,0
2017 09 09 07:05:34,22.0,22.0,51.4,50.0,-12.0,-12.0,45.0,2.46,0.0,0,0,12.2,47.4,22.0,27.0,22.0,50.8,49.7,45.8,30.0,30.0,47.4,0,2166,274,0,0,15.151,14.440,9.525,2.661,0.001,11.7,15.9,20.6,2,0
2017 09 09 07:15:29,22.0,22.0,51.4,50.0,-12.0,-12.0,41.1,2.46,0.0,0,0,12.3,44.0,22.0,27.1,22.0,49.6,48.4,45.0,30.0,30.0,44.0,0,2166,274,0,0,15.151,14.440,9.525,2.661,0.001,11.7,15.9,20.6,2,0
2017 09 09 07:15:32,22.0,22.0,51.4,50.0,-12.0,-12.0,41.1,2.46,0.0,0,0,12.3,44.0,22.0,27.1,22.0,49.6,48.4,45.0,30.0,30.0,44.0,0,2166,274,0,0,15.151,14.440,9.525,2.661,0.001,11.7,15.9,20.6,2,0
2017 09 09 07:15:34,22.0,22.0,51.4,50.0,-12.0,-12.0,41.1,2.46,0.0,0,0,12.3,44.0,22.0,27.1,22.0,49.6,48.4,45.0,30.0,30.0,44.0,0,2166,274,0,0,15.151,14.440,9.525,2.661,0.001,11.7,15.9,20.6,2,0
2017 09 09 07:25:28,22.0,22.0,51.4,50.0,-12.0,-12.0,36.7,2.43,0.0,0,0,12.4,42.2,22.0,27.6,22.0,48.5,47.2,43.5,30.0,30.0,42.2,0,2166,274,0,0,15.151,14.440,9.525,2.661,0.001,11.7,15.9,20.6,2,0
2017 09 09 07:25:32,22.0,22.0,51.4,50.0,-12.0,-12.0,36.7,2.43,0.0,0,0,12.4,42.2,22.0,27.6,22.0,48.5,47.2,43.5,30.0,30.0,42.2,0,2166,274,0,0,15.151,14.440,9.525,2.661,0.001,11.7,15.9,20.6,2,0
2017 09 09 07:25:34,22.0,22.0,51.4,50.0,-12.0,-12.0,36.7,2.43,0.0,0,0,12.4,42.2,22.0,27.6,22.0,48.4,47.2,43.5,30.0,30.0,42.2,0,2166,274,0,0,15.151,14.440,9.525,2.661,0.001,11.7,15.9,20.6,2,0
2017 09 09 07:35:29,22.0,22.0,51.4,50.0,-12.0,-12.0,30.1,2.45,0.0,0,0,12.3,38.7,22.0,27.5,22.0,47.5,46.3,42.4,30.0,30.0,38.7,0,2166,274,0,0,15.151,14.440,9.525,2.661,0.001,11.7,15.9,20.6,2,0
2017 09 09 07:35:34,22.0,22.0,51.4,50.0,-12.0,-12.0,30.1,2.45,0.0,0,0,12.3,38.7,22.0,27.6,22.0,47.5,46.3,42.3,30.0,30.0,38.7,0,2166,274,0,0,15.151,14.440,9.525,2.661,0.001,11.7,15.9,20.6,2,0
2017 09 09 07:35:34,22.0,22.0,51.4,50.0,-12.0,-12.0,30.1,2.45,0.0,0,0,12.3,38.7,22.0,27.6,22.0,47.5,46.3,42.3,30.0,30.0,38.7,0,2166,274,0,0,15.151,14.440,9.525,2.661,0.001,11.7,15.9,20.6,2,0
2017 09 09 07:45:32,22.0,22.0,51.4,50.0,-12.0,-12.0,27.2,2.45,0.0,0,0,12.5,36.6,22.0,27.6,22.0,46.3,45.4,41.1,30.0,30.0,36.6,0,2166,274,0,0,15.151,14.440,9.525,2.661,0.001,11.7,15.9,20.6,2,0
2017 09 09 07:55:29,22.0,22.0,51.4,50.0,-12.0,-12.0,26.9,2.45,0.0,0,0,12.5,35.6,22.0,27.5,22.0,45.3,44.6,39.9,30.0,30.0,35.7,0,2166,274,0,0,15.151,14.440,9.525,2.661,0.001,11.7,15.9,20.6,2,0
2017 09 09 07:55:32,22.0,22.0,51.4,50.0,-12.0,-12.0,26.7,2.45,0.0,0,0,12.5,35.6,22.0,27.5,22.0,45.2,44.6,39.9,30.0,30.0,35.7,0,2166,274,0,0,15.151,14.440,9.525,2.661,0.001,11.7,15.9,20.6,2,0
2017 09 09 07:55:34,22.0,22.0,51.4,50.0,-12.0,-12.0,26.7,2.45,0.0,0,0,12.5,35.6,22.0,27.5,22.0,45.2,44.6,39.9,30.0,30.0,35.7,0,2166,274,0,0,15.151,14.440,9.525,2.661,0.001,11.7,15.9,20.6,2,0
2017 09 09 08:05:29,22.0,22.0,51.4,50.0,-12.0,-12.0,26.2,2.45,0.0,0,0,12.5,34.9,22.0,27.4,22.0,44.3,43.9,38.9,30.0,30.0,34.9,0,2166,274,0,0,15.151,14.440,9.525,2.661,0.001,11.7,15.9,20.6,2,0
2017 09 09 08:05:32,22.0,22.0,51.4,50.0,-12.0,-12.0,26.2,2.45,0.0,0,0,12.5,34.9,22.0,27.4,22.0,44.3,43.9,38.9,30.0,30.0,34.9,0,2166,274,0,0,15.151,14.440,9.525,2.661,0.001,11.7,15.9,20.6,2,0
2017 09 09 08:05:34,22.0,22.0,51.4,50.0,-12.0,-12.0,26.2,2.45,0.0,0,0,12.5,34.9,22.0,27.4,22.0,44.3,43.9,38.9,30.0,30.0,34.9,0,2166,274,0,0,15.151,14.440,9.525,2.661,0.001,11.7,15.9,20.6,2,0
2017 09 09 08:15:29,22.0,22.0,51.4,50.0,-12.0,-12.0,28.5,2.45,0.0,0,0,12.5,34.3,22.0,27.2,22.0,43.6,43.2,38.1,30.0,30.0,34.3,0,2166,274,0,0,15.151,14.440,9.525,2.661,0.001,11.7,15.9,20.6,2,0
2017 09 09 08:15:33,22.0,22.0,51.4,50.0,-12.0,-12.0,28.5,2.45,0.0,0,0,12.5,34.3,22.0,27.2,22.0,43.6,43.2,38.1,30.0,30.0,34.3,0,2166,274,0,0,15.151,14.440,9.525,2.661,0.001,11.7,15.9,20.6,2,0
2017 09 09 08:15:34,22.0,22.0,51.4,50.0,-12.0,-12.0,28.5,2.45,0.0,0,0,12.5,34.3,22.0,27.2,22.0,43.6,43.2,38.1,30.0,30.0,34.3,0,2166,274,0,0,15.151,14.440,9.525,2.661,0.001,11.7,15.9,20.6,2,0
2017 09 09 08:25:29,22.0,22.0,51.4,50.0,-12.0,-12.0,29.6,2.45,0.0,0,0,12.5,33.3,22.0,27.0,22.0,42.8,42.5,37.4,30.0,30.0,33.3,0,2166,274,0,0,15.151,14.440,9.525,2.661,0.001,11.7,15.9,20.6,2,0
2017 09 09 08:25:32,22.0,22.0,51.4,50.0,-12.0,-12.0,29.6,2.45,0.0,0,0,12.5,33.3,22.0,27.0,22.0,42.8,42.4,37.4,30.0,30.0,33.3,0,2166,274,0,0,15.151,14.440,9.525,2.661,0.001,11.7,15.9,20.6,2,0
2017 09 09 08:25:34,22.0,22.0,51.4,50.0,-12.0,-12.0,29.6,2.45,0.0,0,0,12.5,33.3,22.0,27.0,22.0,42.8,42.4,37.4,30.0,30.0,33.3,0,2166,274,0,0,15.151,14.440,9.525,2.661,0.001,11.7,15.9,20.6,2,0
2017 09 09 08:35:30,22.0,22.0,51.4,50.0,-12.0,-12.0,28.2,2.41,0.0,0,0,12.5,32.7,22.0,27.0,22.0,42.1,41.8,36.8,30.0,30.0,32.7,0,2166,274,0,0,15.151,14.440,9.525,2.661,0.001,11.7,15.9,20.6,2,0
2017 09 09 08:35:32,22.0,22.0,51.4,50.0,-12.0,-12.0,28.2,2.41,0.0,0,0,12.5,32.7,22.0,27.0,22.0,42.1,41.8,36.8,30.0,30.0,32.7,0,2166,274,0,0,15.151,14.440,9.525,2.661,0.001,11.7,15.9,20.6,2,0
2017 09 09 08:35:34,22.0,22.0,51.4,50.0,-12.0,-12.0,28.2,2.41,0.0,0,0,12.5,32.7,22.0,27.0,22.0,42.1,41.8,36.8,30.0,30.0,32.7,0,2166,274,0,0,15.151,14.440,9.525,2.661,0.001,11.7,15.9,20.6,2,0
2017 09 09 08:45:32,22.0,22.0,51.4,50.0,-12.0,-12.0,27.3,2.43,0.0,0,0,12.5,31.5,22.0,27.0,22.0,41.5,41.1,36.2,30.0,30.0,31.5,0,2166,274,0,0,15.151,14.440,9.525,2.661,0.001,11.7,15.9,20.6,2,0
2017 09 09 08:45:32,22.0,22.0,51.4,50.0,-12.0,-12.0,27.3,2.43,0.0,0,0,12.5,31.5,22.0,27.0,22.0,41.5,41.1,36.2,30.0,30.0,31.5,0,2166,274,0,0,15.151,14.440,9.525,2.661,0.001,11.7,15.9,20.6,2,0
2017 09 09 08:45:38,22.0,22.0,51.4,50.0,-12.0,-12.0,27.3,2.43,0.0,0,0,12.5,31.5,22.0,27.0,22.0,41.5,41.1,36.2,30.0,30.0,31.5,0,2166,274,0,0,15.151,14.440,9.525,2.661,0.001,11.7,15.9,20.6,2,0
2017 09 09 08:55:27,22.0,22.0,51.4,50.0,-12.0,-12.0,26.4,2.43,0.0,0,0,12.5,30.8,22.0,27.0,22.0,40.8,40.5,35.7,30.0,30.0,30.7,0,2166,274,0,0,15.151,14.440,9.525,2.661,0.001,11.7,15.9,20.6,2,0
2017 09 09 08:55:31,22.0,22.0,51.4,50.0,-12.0,-12.0,26.4,2.43,0.0,0,0,12.5,30.8,22.0,27.0,22.0,40.8,40.5,35.7,30.0,30.0,30.7,0,2166,274,0,0,15.151,14.440,9.525,2.661,0.001,11.7,15.9,20.6,2,0
2017 09 09 09:05:29,22.0,22.0,51.4,50.0,-12.0,-12.0,26.3,2.43,0.0,0,0,12.6,29.8,22.0,27.0,22.0,40.2,39.9,35.1,30.0,30.0,29.8,0,2166,274,0,0,15.151,14.440,9.525,2.661,0.001,11.7,15.9,20.6,2,0
2017 09 09 09:05:33,22.0,22.0,51.4,50.0,-12.0,-12.0,26.3,2.43,0.0,0,0,12.6,29.8,22.0,27.0,22.0,40.2,39.9,35.1,30.0,30.0,29.8,0,2166,274,0,0,15.151,14.440,9.525,2.661,0.001,11.7,15.9,20.6,2,0
2017 09 09 09:05:34,22.0,22.0,51.4,50.0,-12.0,-12.0,26.3,2.43,0.0,0,0,12.6,29.8,22.0,27.0,22.0,40.2,39.9,35.1,30.0,30.0,29.8,0,2166,274,0,0,15.151,14.440,9.525,2.661,0.001,11.7,15.9,20.6,2,0
2017 09 09 09:15:32,22.0,22.0,51.5,50.0,-12.0,-12.0,27.3,2.43,0.0,0,0,12.7,29.3,22.0,27.0,22.0,39.6,39.3,34.6,30.0,30.0,29.3,0,2166,274,0,0,15.151,14.440,9.525,2.661,0.001,11.7,15.9,20.6,2,0
2017 09 09 09:15:32,22.0,22.0,51.5,50.0,-12.0,-12.0,27.3,2.43,0.0,0,0,12.7,29.3,22.0,27.0,22.0,39.6,39.3,34.6,30.0,30.0,29.3,0,2166,274,0,0,15.151,14.440,9.525,2.661,0.001,11.7,15.9,20.6,2,0
2017 09 09 09:25:28,22.0,22.0,51.5,50.0,-12.0,-12.0,28.9,2.43,0.0,0,0,12.8,28.7,22.0,26.9,22.0,39.2,38.8,34.3,30.0,30.0,28.7,0,2166,274,0,0,15.151,14.440,9.525,2.661,0.001,11.7,15.9,20.6,2,0
2017 09 09 09:25:32,22.0,22.0,51.5,50.0,-12.0,-12.0,28.9,2.43,0.0,0,0,12.8,28.7,22.0,26.9,22.0,39.2,38.8,34.3,30.0,30.0,28.7,0,2166,274,0,0,15.151,14.440,9.525,2.661,0.001,11.7,15.9,20.6,2,0
2017 09 09 09:25:34,22.0,22.0,51.4,50.0,-12.0,-12.0,28.9,2.43,0.0,0,0,12.9,28.7,22.0,26.7,22.0,39.2,38.8,34.3,30.0,30.0,28.7,0,2166,274,0,0,15.151,14.440,9.525,2.661,0.001,11.7,15.9,20.6,2,0
2017 09 09 09:35:27,22.0,22.0,51.5,50.0,-12.0,-12.0,29.7,2.39,0.0,0,0,12.8,28.1,22.0,26.5,22.0,38.8,38.4,33.9,30.0,30.0,28.1,0,2166,274,0,0,15.151,14.440,9.525,2.661,0.001,11.7,15.9,20.6,2,0
2017 09 09 09:35:30,22.0,22.0,51.5,50.0,-12.0,-12.0,29.7,2.39,0.0,0,0,12.8,28.1,22.0,26.5,22.0,38.8,38.4,33.9,30.0,30.0,28.1,0,2166,274,0,0,15.151,14.440,9.525,2.661,0.001,11.7,15.9,20.6,2,0
2017 09 09 09:45:31,22.0,22.0,51.4,50.0,-12.0,-12.0,30.4,2.39,0.0,0,0,13.0,27.6,22.0,26.5,22.0,38.4,37.9,33.8,30.0,30.0,27.6,0,2166,274,0,0,15.151,14.440,9.525,2.661,0.001,11.7,15.9,20.6,2,0
2017 09 09 09:45:32,22.0,22.0,51.4,50.0,-12.0,-12.0,30.4,2.39,0.0,0,0,13.0,27.6,22.0,26.5,22.0,38.4,37.9,33.8,30.0,30.0,27.6,0,2166,274,0,0,15.151,14.440,9.525,2.661,0.001,11.7,15.9,20.6,2,0
2017 09 09 09:45:37,22.0,22.0,51.4,50.0,-12.0,-12.0,30.4,2.39,0.0,0,0,13.0,27.6,22.0,26.5,22.0,38.4,37.8,33.8,30.0,30.0,27.6,0,2166,274,0,0,15.151,14.440,9.525,2.661,0.001,11.7,15.9,20.6,2,0
2017 09 09 09:55:29,22.0,22.0,51.4,50.0,-12.0,-12.0,30.8,2.39,0.0,0,0,13.3,27.1,22.0,26.5,22.0,38.0,37.4,33.5,30.0,30.0,27.1,0,2166,274,0,0,15.151,14.440,9.525,2.661,0.001,11.7,15.9,20.6,2,0
2017 09 09 09:55:33,22.0,22.0,51.4,50.0,-12.0,-12.0,30.8,2.39,0.0,0,0,13.3,27.1,22.0,26.5,22.0,38.0,37.4,33.5,30.0,30.0,27.1,0,2166,274,0,0,15.151,14.440,9.525,2.661,0.001,11.7,15.9,20.6,2,0
2017 09 09 09:55:34,22.0,22.0,51.4,50.0,-12.0,-12.0,30.8,2.39,0.0,0,0,13.3,27.1,22.0,26.5,22.0,38.0,37.4,33.5,30.0,30.0,27.1,0,2166,274,0,0,15.151,14.440,9.525,2.661,0.001,11.7,15.9,20.6,2,0
2017 09 09 10:05:29,22.0,22.0,51.3,50.0,-12.0,-12.0,31.0,2.39,0.0,0,0,13.5,27.0,22.0,26.0,22.0,37.6,37.0,33.2,30.0,30.0,27.0,0,2166,274,0,0,15.151,14.440,9.525,2.661,0.001,11.7,15.9,20.6,2,0
2017 09 09 10:05:32,22.0,22.0,51.3,50.0,-12.0,-12.0,31.0,2.39,0.0,0,0,13.5,27.0,22.0,26.0,22.0,37.6,37.0,33.2,30.0,30.0,27.0,0,2166,274,0,0,15.151,14.440,9.525,2.661,0.001,11.7,15.9,20.6,2,0
2017 09 09 10:05:34,22.0,22.0,51.3,50.0,-12.0,-12.0,31.0,2.39,0.0,0,0,13.5,27.0,22.0,26.0,22.0,37.6,37.0,33.2,30.0,30.0,27.0,0,2166,274,0,0,15.151,14.440,9.525,2.661,0.001,11.7,15.9,20.6,2,0
2017 09 09 10:15:27,22.0,22.0,51.3,50.0,-12.0,-12.0,31.2,2.39,0.0,0,0,13.8,26.4,22.0,25.9,22.0,37.4,36.7,33.2,30.0,30.0,26.4,0,2166,274,0,0,15.151,14.440,9.525,2.661,0.001,11.7,15.9,20.6,2,0
2017 09 09 10:15:31,22.0,22.0,51.3,50.0,-12.0,-12.0,31.2,2.39,0.0,0,0,13.8,26.4,22.0,25.9,22.0,37.3,36.7,33.2,30.0,30.0,26.4,0,2166,274,0,0,15.151,14.440,9.525,2.661,0.001,11.7,15.9,20.6,2,0
2017 09 09 10:25:29,22.0,22.0,51.2,50.0,-12.0,-12.0,26.4,2.48,32.4,21,80,14.0,25.9,22.0,25.4,22.0,31.0,31.7,26.2,30.0,30.0,25.9,0,2166,274,0,0,15.151,14.440,9.525,2.661,0.001,11.7,15.9,20.6,2,0
2017 09 09 10:25:32,22.0,22.0,51.2,50.0,-12.0,-12.0,26.4,2.48,32.4,21,80,14.0,25.9,22.0,25.4,22.0,31.0,31.7,26.2,30.0,30.0,25.9,0,2166,274,0,0,15.151,14.440,9.525,2.661,0.001,11.7,15.9,20.6,2,0
2017 09 09 10:25:34,22.0,22.0,51.2,50.0,-12.0,-12.0,26.4,2.48,32.4,21,80,14.0,26.1,22.0,25.4,22.0,31.0,31.7,26.2,30.0,30.0,26.1,0,2166,274,0,0,15.151,14.440,9.525,2.661,0.001,11.7,15.9,20.6,2,0
2017 09 09 10:35:29,22.0,22.0,51.1,50.0,-12.0,-12.0,32.7,2.48,32.9,20,80,14.2,32.0,22.0,25.8,22.0,36.8,36.4,33.2,30.0,30.0,32.0,0,2166,274,0,0,15.151,14.440,9.525,2.661,0.001,11.7,15.9,20.6,2,0
2017 09 09 10:35:32,22.0,22.0,51.1,50.0,-12.0,-12.0,32.7,2.48,32.9,20,80,14.2,32.0,22.0,25.8,22.0,36.8,36.4,33.2,30.0,30.0,32.0,0,2166,274,0,0,15.151,14.440,9.525,2.661,0.001,11.7,15.9,20.6,2,0
2017 09 09 10:35:34,22.0,22.0,51.1,50.0,-12.0,-12.0,32.7,2.48,32.9,20,80,14.2,32.0,22.0,25.8,22.0,36.8,36.4,33.2,30.0,30.0,32.0,0,2166,274,0,0,15.151,14.440,9.525,2.661,0.001,11.7,15.9,20.6,2,0
2017 09 09 10:45:32,22.0,22.0,51.0,50.0,-12.0,-12.0,33.7,2.43,0.0,0,0,14.4,34.9,22.0,25.8,22.0,36.2,36.2,34.9,30.0,30.0,34.9,505,2166,274,0,0,15.151,14.440,9.525,2.661,0.001,11.7,15.9,20.6,2,0
2017 09 09 10:45:32,22.0,22.0,51.0,50.0,-12.0,-12.0,33.7,2.43,0.0,0,0,14.4,34.9,22.0,25.8,22.0,36.2,36.2,34.9,30.0,30.0,34.9,505,2166,274,0,0,15.151,14.440,9.525,2.661,0.001,11.7,15.9,20.6,2,0
2017 09 09 10:45:38,22.0,22.0,51.0,50.0,-12.0,-12.0,33.7,2.43,0.0,0,0,14.4,34.9,22.0,25.8,22.0,36.2,36.2,34.9,30.0,30.0,34.9,505,2166,274,0,0,15.151,14.440,9.525,2.661,0.001,11.7,15.9,20.6,2,0
2017 09 09 10:55:29,22.0,22.0,51.1,50.0,-12.0,-12.0,27.9,2.43,0.0,0,0,14.4,34.9,22.0,25.8,22.0,35.8,35.7,34.0,30.0,30.0,34.9,0,2166,274,0,0,15.151,14.440,9.525,2.661,0.001,11.7,15.9,20.6,2,0
2017 09 09 10:55:33,22.0,22.0,51.1,50.0,-12.0,-12.0,27.9,2.43,0.0,0,0,14.4,34.9,22.0,25.8,22.0,35.8,35.7,34.0,30.0,30.0,34.9,0,2166,274,0,0,15.151,14.440,9.525,2.661,0.001,11.7,15.9,20.6,2,0
2017 09 09 10:55:34,22.0,22.0,51.1,50.0,-12.0,-12.0,27.9,2.43,0.0,0,0,14.4,34.9,22.0,25.8,22.0,35.8,35.7,34.0,30.0,30.0,34.9,0,2166,274,0,0,15.151,14.440,9.525,2.661,0.001,11.7,15.9,20.6,2,0
2017 09 09 11:05:29,22.0,22.0,51.0,50.0,-12.0,-12.0,21.8,2.43,0.0,0,0,14.3,34.9,22.0,25.6,22.0,35.6,35.4,33.5,30.0,30.0,34.9,0,2167,274,0,0,17.289,14.440,9.525,2.661,0.001,11.7,15.9,20.6,2,0
2017 09 09 11:05:32,22.0,22.0,51.0,50.0,-12.0,-12.0,21.8,2.43,0.0,0,0,14.3,34.9,22.0,25.6,22.0,35.6,35.4,33.5,30.0,30.0,34.9,0,2167,274,0,0,17.289,14.440,9.525,2.661,0.001,11.7,15.9,20.6,2,0
2017 09 09 11:05:34,22.0,22.0,51.0,50.0,-12.0,-12.0,21.8,2.43,0.0,0,0,14.3,34.9,22.0,25.6,22.0,35.6,35.4,33.5,30.0,30.0,34.9,0,2167,274,0,0,17.289,14.440,9.525,2.661,0.001,11.7,15.9,20.6,2,0
2017 09 09 11:15:28,22.0,22.0,50.9,50.0,-12.0,-12.0,18.3,2.43,0.0,0,0,14.2,34.3,22.0,25.5,22.0,35.3,35.0,32.9,30.0,30.0,34.3,0,2167,274,0,0,17.289,14.440,9.525,2.661,0.001,11.7,15.9,20.6,2,0
2017 09 09 11:15:32,22.0,22.0,50.9,50.0,-12.0,-12.0,18.3,2.43,0.0,0,0,14.2,34.3,22.0,25.5,22.0,35.3,35.0,32.9,30.0,30.0,34.3,0,2167,274,0,0,17.289,14.440,9.525,2.661,0.001,11.7,15.9,20.6,2,0
2017 09 09 11:15:34,22.0,22.0,50.9,50.0,-12.0,-12.0,18.3,2.43,0.0,0,0,14.2,34.3,22.0,25.5,22.0,35.3,35.0,32.9,30.0,30.0,34.3,0,2167,274,0,0,17.289,14.440,9.525,2.661,0.001,11.7,15.9,20.6,2,0
2017 09 09 11:25:29,22.0,22.0,50.8,50.0,-12.0,-12.0,18.2,2.43,0.0,0,0,14.2,33.9,22.0,25.4,22.0,35.0,34.6,32.3,30.0,30.0,34.0,0,2167,274,0,0,17.289,14.440,9.525,2.661,0.001,11.7,15.9,20.6,2,0
2017 09 09 11:25:32,22.0,22.0,50.8,50.0,-12.0,-12.0,18.2,2.43,0.0,0,0,14.2,33.9,22.0,25.4,22.0,35.0,34.6,32.3,30.0,30.0,34.0,0,2167,274,0,0,17.289,14.440,9.525,2.661,0.001,11.7,15.9,20.6,2,0
2017 09 09 11:25:34,22.0,22.0,50.8,50.0,-12.0,-12.0,18.2,2.43,0.0,0,0,14.2,33.9,22.0,25.4,22.0,35.0,34.6,32.3,30.0,30.0,34.0,0,2167,274,0,0,17.289,14.440,9.525,2.661,0.001,11.7,15.9,20.6,2,0
2017 09 09 11:35:28,22.0,22.0,50.8,50.0,-12.0,-12.0,18.2,2.43,0.0,0,0,14.4,33.3,22.0,25.4,22.0,34.7,34.3,31.6,30.0,30.0,33.3,0,2167,274,0,0,17.289,14.440,9.525,2.661,0.001,11.7,15.9,20.6,2,0
2017 09 09 11:35:32,22.0,22.0,50.8,50.0,-12.0,-12.0,18.2,2.43,0.0,0,0,14.4,33.3,22.0,25.4,22.0,34.7,34.3,31.6,30.0,30.0,33.3,0,2167,274,0,0,17.289,14.440,9.525,2.661,0.001,11.7,15.9,20.6,2,0
2017 09 09 11:35:34,22.0,22.0,50.8,50.0,-12.0,-12.0,18.2,2.43,0.0,0,0,14.4,33.3,22.0,25.4,22.0,34.7,34.3,31.6,30.0,30.0,33.3,0,2167,274,0,0,17.289,14.440,9.525,2.661,0.001,11.7,15.9,20.6,2,0
2017 09 09 11:45:29,22.0,22.0,50.8,50.0,-12.0,-12.0,18.2,2.43,0.0,0,0,14.4,32.7,22.0,25.4,22.0,34.4,34.0,31.0,30.0,30.0,32.7,0,2167,274,0,0,17.289,14.440,9.525,2.661,0.001,11.7,15.9,20.6,2,0
2017 09 09 11:45:33,22.0,22.0,50.9,50.0,-12.0,-12.0,18.2,2.43,0.0,0,0,14.5,32.7,22.0,25.4,22.0,34.4,34.0,31.0,30.0,30.0,32.7,0,2167,274,0,0,17.289,14.440,9.525,2.661,0.001,11.7,15.9,20.6,2,0
2017 09 09 11:45:34,22.0,22.0,50.9,50.0,-12.0,-12.0,18.2,2.43,0.0,0,0,14.5,32.7,22.0,25.4,22.0,34.4,34.0,31.0,30.0,30.0,32.7,0,2167,274,0,0,17.289,14.440,9.525,2.661,0.001,11.7,15.9,20.6,2,0
2017 09 09 11:55:27,22.0,22.0,51.0,50.0,-12.0,-12.0,18.2,2.41,0.0,0,0,14.6,31.5,22.0,25.4,22.0,34.2,33.7,30.5,30.0,30.0,31.5,0,2167,274,0,0,17.289,14.440,9.525,2.661,0.001,11.7,15.9,20.6,2,0
2017 09 09 11:55:31,22.0,22.0,51.0,50.0,-12.0,-12.0,18.2,2.41,0.0,0,0,14.6,31.5,22.0,25.4,22.0,34.2,33.7,30.5,30.0,30.0,31.5,0,2167,274,0,0,17.289,14.440,9.525,2.661,0.001,11.7,15.9,20.6,2,0
